A,Agilent Technologies Inc. Common Stock,$134.16,3.51,2.687%,39142638588.00,United States,1999,2066678,Industrials,Biotechnology: Laboratory Analytical Instruments
AA,Alcoa Corporation Common Stock ,$32.84,-1.06,-3.127%,5896740154.00,United States,2016,6359550,Industrials,Aluminum
AAP,Advance Auto Parts Inc.,$58.94,-0.70,-1.174%,3514138185.00,United States,,1292730,Consumer Discretionary,Auto & Home Supply Stores
AAPL,Apple Inc. Common Stock,$218.54,-6.47,-2.875%,3351110280280.00,United States,1980,61608604,Technology,Computer Manufacturing
AB,AllianceBernstein Holding L.P.  Units,$34.05,-0.75,-2.155%,3921320716.00,United States,,606300,Finance,Investment Managers
ABR,Arbor Realty Trust Common Stock,$13.03,-0.26,-1.956%,2456346020.00,United States,2004,2483608,Real Estate,Real Estate Investment Trusts
ABT,Abbott Laboratories Common Stock,$107.26,3.34,3.214%,186593116990.00,United States,,8678711,Health Care,Biotechnology: Pharmaceutical Preparations
AC,Associated Capital Group Inc. Common Stock,$33.03,0.22,0.671%,706889002.00,United States,2015,2227,Finance,Investment Bankers/Brokers/Service
ACHR,Archer Aviation Inc. Class A Common Stock,$4.38,-0.18,-3.947%,1417183580.00,United States,2020,6356563,Industrials,Aerospace
ADBE,Adobe Inc. Common Stock,$531.04,-14.97,-2.742%,235463136000.00,United States,1986,2628610,Technology,Computer Software: Prepackaged Software
ADM,Archer-Daniels-Midland Company Common Stock,$62.65,0.43,0.691%,30976527481.00,United States,,1847020,Consumer Staples,Packaged Foods
AG,First Majestic Silver Corp. Ordinary Shares (Canada),$5.93,-0.20,-3.263%,1726062528.00,Canada,,5266921,Basic Materials,Precious Metals
AGR,Avangrid Inc. Common Stock,$35.50,-0.01,-0.028%,13735172230.00,United States,2015,981817,Utilities,Electric Utilities: Central
AGRI,AgriFORCE  Growing Systems Ltd. Common Shares,$0.0795,0.0065,8.904%,2069903.00,Canada,2021,27264191,Industrials,Metal Fabrications
AI,C3.ai Inc. Class A Common Stock,$26.46,-1.92,-6.765%,3302678353.00,United States,2020,3662092,Technology,Computer Software: Prepackaged Software
AL,Air Lease Corporation Class A Common Stock,$47.63,-1.12,-2.297%,5304386443.00,United States,2011,454201,Consumer Discretionary,Diversified Commercial Services
ALB,Albemarle Corporation Common Stock,$90.88,-0.60,-0.656%,10680896746.00,United States,,2099810,Industrials,Major Chemicals
ALE,Allete Inc.,$64.43,-0.01,-0.016%,3715424826.00,United States,,375942,Utilities,Power Generation
AM,Antero Midstream Corporation Common Stock,$14.56,-0.46,-3.063%,7006868960.00,United States,2017,3292157,Utilities,Natural Gas Distribution
AMAT,Applied Materials Inc. Common Stock,$206.53,-13.12,-5.973%,171001641227.00,United States,1972,9254932,Technology,Semiconductors
AMC,AMC Entertainment Holdings Inc. Class A Common Stock,$4.69,-0.39,-7.677%,1386306533.00,United States,2013,23880758,Consumer Discretionary,Movies/Entertainment
AMD,Advanced Micro Devices Inc. Common Stock,$144.63,-9.37,-6.084%,233767475163.00,United States,,49112812,Technology,Semiconductors
AMZN,Amazon.com Inc. Common Stock,$180.83,-5.58,-2.993%,1881830435454.00,United States,1997,41426638,Consumer Discretionary,Catalog/Specialty Distribution
AN,AutoNation Inc. Common Stock,$172.03,-0.26,-0.151%,6927053736.00,United States,,318753,Consumer Discretionary,Retail-Auto Dealers and Gas Stations
ANET,Arista Networks Inc. Common Stock,$325.87,-20.78,-5.995%,102115632419.00,United States,2014,2644405,Telecommunications,Computer Communications Equipment
AP,Ampco-Pittsburgh Corporation Common Stock,$1.56,-0.08,-4.878%,30990568.00,United States,,73886,Industrials,Fluid Controls
AR,Antero Resources Corporation Common Stock,$29.84,-0.62,-2.035%,9274480880.00,United States,2013,4056515,Energy,Oil & Gas Production
ARM,Arm Holdings plc American Depositary Shares,$157.68,-14.02,-8.165%,164039312767.00,United Kingdom,2023,9296267,Technology,Semiconductors
ARR,ARMOUR Residential REIT Inc.,$20.68,-0.67,-3.138%,1008187348.00,United States,,1249682,Real Estate,Real Estate Investment Trusts
AS,Amer Sports Inc. Ordinary Shares,$10.84,-0.03,-0.276%,5476905740.00,,2024,1164822,Consumer Discretionary,Apparel
ASM,Avino Silver & Gold Mines Ltd. Common Shares (Canada),$1.04,0.01,0.971%,138390933.00,Canada,,1240949,Basic Materials,Metal Mining
ASML,ASML Holding N.V. New York Registry Shares,$872.75,-60.06,-6.439%,343358807003.00,Netherlands,1995,1909616,Technology,Industrial Machinery/Components
AU,AngloGold Ashanti PLC Ordinary Shares,$27.67,-0.40,-1.425%,11613925116.00,South Africa,,632772,Basic Materials,Precious Metals
AULT,Ault Alliance Inc. Common Stock,$0.2878,-0.001,-0.346%,8652805.00,United States,1997,1410633,Technology,Industrial Machinery/Components
AVGO,Broadcom Inc. Common Stock,$151.34,-12.43,-7.59%,704470105212.00,United States,2009,37072636,Technology,Semiconductors
AX,Axos Financial Inc. Common Stock,$72.91,-0.99,-1.34%,4153499186.00,United States,2018,884119,Finance,Savings Institutions
AXP,American Express Company Common Stock,$240.99,-5.91,-2.394%,171322599256.00,United States,,2836984,Finance,Finance: Consumer Services
B,Barnes Group Inc. Common Stock,$42.22,-1.18,-2.719%,2140641480.00,United States,,310150,Industrials,Metal Fabrications
BA,Boeing Company (The) Common Stock,$180.07,-6.41,-3.437%,110542132216.00,United States,,5097398,Industrials,Aerospace
BABA,Alibaba Group Holding Limited American Depositary Shares each representing eight Ordinary share,$75.80,-0.30,-0.394%,184469977946.00,China,2014,7906725,Consumer Discretionary,Business Services
BAC,Bank of America Corporation Common Stock,$42.19,-0.22,-0.519%,329941423168.00,United States,,36505317,Finance,Major Banks
BB,BlackBerry Limited Common Stock,$2.40,-0.07,-2.834%,1416415594.00,Canada,,7349662,Technology,Computer Software: Prepackaged Software
BBAI,BigBear.ai Inc. Common Stock,$1.53,-0.01,-0.649%,376496399.00,United States,2021,2504012,Technology,Computer Software: Prepackaged Software
BE,Bloom Energy Corporation Class A Common Stock,$14.48,-0.63,-4.169%,3287249948.00,United States,2018,3951578,Energy,Industrial Machinery/Components
BEKE,KE Holdings Inc American Depositary Shares (each representing three Class A Ordinary Shares),$13.64,-0.19,-1.374%,16327629597.00,China,2020,5669441,Finance,Real Estate
BH,Biglari Holdings Inc. Class B Common Stock,$195.23,-2.51,-1.269%,444246646.00,United States,2018,1538,Consumer Discretionary,Restaurants
BHP,BHP Group Limited American Depositary Shares (Each representing two Ordinary Shares),$54.43,-0.64,-1.162%,137866306432.00,Australia,,2075087,Energy,Coal Mining
BIDU,Baidu Inc. ADS,$88.75,-1.62,-1.793%,31120092094.00,China,2005,2498767,Technology,Computer Software: Programming Data Processing
BILI,Bilibili Inc. American Depositary Shares,$14.47,-0.38,-2.559%,5963909272.00,China,2018,4592648,Technology,EDP Services
BL,BlackLine Inc. Common Stock,$46.82,-0.92,-1.927%,2894291136.00,United States,2016,709836,Technology,Computer Software: Prepackaged Software
BLK,BlackRock Inc. Common Stock,$827.65,-17.04,-2.017%,122988774275.00,United States,1999,660318,Finance,Investment Bankers/Brokers/Service
BLX,Banco Latinoamericano de Comercio Exterior S.A.,$32.59,-1.47,-4.316%,2381668140.00,Panama,1992,296045,Finance,Commercial Banks
BMY,Bristol-Myers Squibb Company Common Stock,$44.66,1.68,3.909%,90530290287.00,United States,,20381431,Health Care,Biotechnology: Pharmaceutical Preparations
BN,Brookfield Corporation Class A Limited Voting Shares,$45.85,-1.20,-2.55%,75330410903.00,Canada,1925,2834598,Real Estate,Building operators
BNED,Barnes & Noble Education Inc Common Stock,$9.54,-0.53,-5.263%,250024663.00,United States,2015,415365,Consumer Discretionary,Other Specialty Stores
BP,BP p.l.c. Common Stock,$34.65,-0.30,-0.858%,95458535934.00,United Kingdom,,7229221,Energy,Integrated oil Companies
BR,Broadridge Financial Solutions Inc. Common Stock,$203.15,-2.40,-1.168%,24008363903.00,United States,,446212,Consumer Discretionary,Business Services
BSX,Boston Scientific Corporation Common Stock,$77.76,-0.83,-1.056%,114321184592.00,United States,,15542764,Health Care,Medical/Dental Instruments
BTI,British American Tobacco  Industries p.l.c. Common Stock ADR,$33.38,0.03,0.09%,74067738965.00,United Kingdom,1998,4197699,Health Care, Medicinal Chemicals and Botanical Products 
BY,Byline Bancorp Inc. Common Stock,$28.34,-0.41,-1.426%,1250477674.00,United States,2017,172538,Finance,Major Banks
C,Citigroup Inc. Common Stock,$63.66,-1.00,-1.547%,121427605764.00,United States,,11577172,Finance,Major Banks
CAR,Avis Budget Group Inc. Common Stock,$97.28,-7.25,-6.936%,3467756114.00,United States,,534452,Consumer Discretionary,Rental/Leasing Companies
CARR,Carrier Global Corporation Common Stock ,$65.99,-2.28,-3.34%,59457814281.00,United States,2020,4617686,Industrials,Industrial Machinery/Components
CB,Chubb Limited  Common Stock,$260.04,-3.21,-1.219%,105592114142.00,Switzerland,,1939951,Finance,Property-Casualty Insurers
CC,Chemours Company (The) Common Stock,$23.49,-0.68,-2.813%,3497551537.00,United States,2015,678427,Industrials,Major Chemicals
CCJ,Cameco Corporation Common Stock,$46.49,-0.87,-1.837%,20184830757.00,Canada,1996,2275960,Basic Materials,Other Metals and Minerals
CCL,Carnival Corporation Common Stock,$18.19,-0.88,-4.615%,23831300698.00,United States,1987,28077222,Consumer Discretionary,Marine Transportation
CCO,Clear Channel Outdoor Holdings Inc. Common Stock,$1.68,0.01,0.599%,821027202.00,United States,2005,1664397,Consumer Discretionary,Advertising
CDE,Coeur Mining Inc. Common Stock,$6.38,-0.15,-2.297%,2547664988.00,United States,,5866263,Basic Materials,Precious Metals
CE,Celanese Corporation Common Stock,$136.13,-2.72,-1.959%,14868098997.00,United States,2005,504381,Industrials,Major Chemicals
CEI,Camber Energy Inc. Common Stock,$0.124,-0.0054,-4.173%,21799258.00,United States,,2621596,Energy,Oil & Gas Production
CHPT,ChargePoint Holdings Inc. Common Stock,$1.93,-0.20,-9.39%,820836151.00,United States,2019,17371431,Consumer Discretionary,Industrial Specialties
CHR,Cheer Holding Inc. Ordinary Share,$2.55,-0.06,-2.299%,25678531.00,China,2018,26179,Technology,EDP Services
CI,The Cigna Group Common Stock,$342.21,6.04,1.797%,97212963882.00,United States,,1029807,Health Care,Medical Specialities
CL,Colgate-Palmolive Company Common Stock,$96.60,0.05,0.052%,79254611612.00,United States,,4880324,Consumer Discretionary,Package Goods/Cosmetics
CLH,Clean Harbors Inc. Common Stock,$227.32,-6.05,-2.592%,12260532388.00,United States,,217671,Industrials,Environmental Services
CLS,Celestica Inc. Common Stock,$53.39,-4.49,-7.757%,6350856570.00,Canada,1998,3980576,Technology,Electrical Products
CLSK,CleanSpark Inc. Common Stock,$16.57,-0.88,-5.043%,3775810208.00,United States,,32338885,Finance,Finance: Consumer Services
COHR,Coherent Corp. Common Stock,$70.17,-2.97,-4.061%,10698189282.00,United States,,1860376,Technology,Electronic Components
COIN,Coinbase Global Inc. Class A Common Stock,$245.06,-12.57,-4.879%,60179124681.00,United States,,8116985,Finance,Finance: Consumer Services
CP,Canadian Pacific Kansas City Limited Common Shares,$81.06,-0.93,-1.134%,75523602000.00,Canada,,1811138,Industrials,Railroads
CPNG,Coupang Inc. Class A Common Stock,$19.92,-0.68,-3.301%,35616717335.00,United States,2021,9609871,Consumer Discretionary,Catalog/Specialty Distribution
CR,Crane Company Common Stock,$151.77,-4.99,-3.183%,8674852055.00,United States,2023,309203,Industrials,Metal Fabrications
CRK,Comstock Resources Inc. Common Stock,$10.07,-0.54,-5.09%,2942476899.00,United States,,2961031,Energy,Oil & Gas Production
CRKN,Crown Electrokinetics Corp. Common Stock,$3.37,-0.21,-5.866%,16089863.00,United States,,285922,Technology,Industrial Machinery/Components
CRM,Salesforce Inc. Common Stock,$249.78,-6.28,-2.453%,242036820000.00,United States,2004,5200615,Technology,Computer Software: Prepackaged Software
CUK,Carnival Plc ADS ADS,$16.68,-0.86,-4.903%,21853001410.00,United States,,1839420,Consumer Discretionary,Marine Transportation
CVNA,Carvana Co. Class A Common Stock,$123.42,-5.69,-4.407%,25000784459.00,United States,2017,2588914,Consumer Discretionary,Retail-Auto Dealers and Gas Stations
CVS,CVS Health Corporation Common Stock,$58.54,0.57,0.983%,73489533781.00,United States,,10218349,Consumer Staples,Retail-Drug Stores and Proprietary Stores
CVX,Chevron Corporation Common Stock,$155.07,0.98,0.636%,286415690747.00,United States,,5970475,Energy,Integrated oil Companies
CX,Cemex S.A.B. de C.V. Sponsored ADR,$6.21,-0.28,-4.314%,18019343680.00,Mexico,,14591129,Industrials,Building Materials
D,Dominion Energy Inc. Common Stock,$52.13,1.41,2.78%,43695923009.00,United States,,4165434,Utilities,Electric Utilities: Central
DB,Deutsche Bank AG Common Stock,$15.43,-1.61,-9.448%,31477200000.00,Germany,,4503537,Finance,Major Banks
DD,DuPont de Nemours Inc. Common Stock,$79.59,-0.59,-0.736%,33276928400.00,United States,2017,1580186,Industrials,Major Chemicals
DDT,Dillard's Capital Trust I,$25.619,-0.0769,-0.299%,415890597.00,United States,,2160,Consumer Discretionary,Department/Specialty Retail Stores
DE,Deere & Company Common Stock,$369.39,-2.13,-0.573%,101792919766.00,United States,,1256268,Industrials,Industrial Machinery/Components
DELL,Dell Technologies Inc. Class C Common Stock ,$116.12,-9.73,-7.731%,82364395924.00,United States,2018,15574333,Technology,Computer Manufacturing
DIS,Walt Disney Company (The) Common Stock,$89.80,-1.14,-1.254%,163709263735.00,United States,,11748562,Consumer Discretionary,Services-Misc. Amusement & Recreation
DM,Desktop Metal Inc. Class A Common Stock,$4.89,-0.26,-5.049%,161563624.00,United States,2019,585632,Technology,Industrial Machinery/Components
DO,Diamond Offshore Drilling Inc. Common Stock,$15.84,-0.40,-2.463%,1623302842.00,United States,2022,963650,Energy,Oil & Gas Production
DOC,Healthpeak Properties Inc. Common Stock,$20.76,-0.26,-1.237%,14610504272.00,United States,,5141818,Real Estate,Real Estate Investment Trusts
DT,Dynatrace Inc. Common Stock,$42.86,-1.23,-2.79%,12743938054.00,United States,2019,1881585,Technology,Computer Software: Prepackaged Software
DV,DoubleVerify Holdings Inc. Common Stock,$19.71,-0.66,-3.24%,3386107852.00,United States,2021,3798820,Technology,Computer Software: Programming Data Processing
DVN,Devon Energy Corporation Common Stock,$45.58,-0.38,-0.827%,28806560000.00,United States,1985,5271933,Energy,Oil & Gas Production
DX,Dynex Capital Inc. Common Stock,$12.28,-0.17,-1.365%,787896233.00,United States,,2294416,Real Estate,Real Estate Investment Trusts
DXYZ,Destiny Tech100 Inc. Common Stock,$13.12,-0.42,-3.102%,0.00,,2024,357209,,
E,ENI S.p.A. Common Stock,$30.22,-0.14,-0.461%,51010421578.00,Italy,,229859,Energy,Oil & Gas Production
EC,Ecopetrol S.A. American Depositary Shares,$10.60,-0.04,-0.376%,21791848191.00,Colombia,,1473183,Energy,Oil & Gas Production
ED,Consolidated Edison Inc. Common Stock,$95.88,2.63,2.82%,33158632091.00,United States,,2179822,Utilities,Power Generation
EE,Excelerate Energy Inc. Class A Common Stock,$19.21,-0.40,-2.04%,2057880970.00,United States,2022,118365,Utilities,Oil/Gas Transmission
EG,Everest Group Ltd. Common Stock,$381.54,-3.32,-0.863%,16581058797.00,Bermuda,,235843,Finance,Property-Casualty Insurers
EGY,VAALCO Energy Inc.  Common Stock,$7.00,-0.02,-0.285%,724188675.00,United States,,1087100,Energy,Oil & Gas Production
EL,Estee Lauder Companies Inc. (The) Common Stock,$99.80,-0.16,-0.16%,35784681212.00,United States,1995,2467198,Consumer Discretionary,Package Goods/Cosmetics
EM,Smart Share Global Limited American Depositary Shares,$0.7977,-0.0072,-0.895%,207063203.00,China,2021,20331,Consumer Discretionary,Other Consumer Services
ET,Energy Transfer LP Common Units ,$16.18,-0.22,-1.341%,54526977285.00,United States,,38682747,Utilities,Natural Gas Distribution
ETN,Eaton Corporation PLC Ordinary Shares,$299.60,-22.34,-6.939%,119780080000.00,Ireland,,3876301,Technology,Industrial Machinery/Components
EVA,Enviva Inc. Common Stock,$0.3898,-0.0122,-3.035%,29038750.00,United States,2015,101929,Basic Materials,Forest Products
F,Ford Motor Company Common Stock,$13.67,-0.16,-1.157%,54575248936.00,United States,,80619710,Consumer Discretionary,Auto Manufacturing
FC,Franklin Covey Company Common Stock,$41.24,-0.06,-0.145%,540014046.00,United States,,71595,Consumer Discretionary,Other Consumer Services
FCX,Freeport-McMoRan Inc. Common Stock,$44.18,-1.09,-2.408%,63464127184.00,United States,,18530182,Basic Materials,Metal Mining
FE,FirstEnergy Corp. Common Stock,$40.42,0.54,1.354%,23262375798.00,United States,,2417233,Utilities,Electric Utilities: Central
FF,FutureFuel Corp.  Common shares,$5.49,-0.04,-0.723%,240260204.00,United States,,248776,Industrials,Major Chemicals
FFIE,Faraday Future Intelligent Electric Inc. Common Stock,$0.357,-0.03,-7.752%,157059056.00,United States,2020,28959185,Consumer Discretionary,Auto Manufacturing
FI,Fiserv Inc. Common Stock,$161.16,3.94,2.506%,94295017853.00,United States,,5170519,Consumer Discretionary,Business Services
FL,Foot Locker Inc.,$25.58,-0.41,-1.578%,2422887054.00,United States,,1706415,Consumer Discretionary,Clothing/Shoe/Accessory Stores
FT,Franklin Universal Trust Common Stock,$6.88,-0.01,-0.145%,172907431.00,United States,,76841,Finance,Trusts Except Educational Religious and Charitable
FUBO,fuboTV Inc. Common Stock,$1.38,-0.08,-5.479%,413833958.00,United States,2020,10480024,Consumer Discretionary,Movies/Entertainment
FUTU,Futu Holdings Limited American Depositary Shares,$60.90,-1.91,-3.041%,8391638279.00,Hong Kong,2019,662695,Finance,Investment Bankers/Brokers/Service
G,Genpact Limited Common Stock,$33.52,0.00,0.00%,6032908415.00,Bermuda,2007,918862,Consumer Discretionary,Professional Services
GE,GE Aerospace Common Stock,$162.30,-9.70,-5.64%,177654663515.00,United States,,7331521,Technology,Consumer Electronics/Appliances
GEV,GE Vernova Inc. Common Stock,$162.90,-7.59,-4.452%,44648531697.00,United States,2024,5531290,,
GF,New Germany Fund Inc. (The) Common Stock,$8.29,-0.20,-2.356%,0.00,United States,1990,10284,Finance,Investment Managers
GFI,Gold Fields Limited American Depositary Shares,$16.40,-0.16,-0.966%,14654069333.00,South Africa,,1812855,Basic Materials,Precious Metals
GL,Globe Life Inc. Common Stock,$88.28,-1.28,-1.429%,8145570087.00,United States,,956591,Finance,Life Insurance
GM,General Motors Company Common Stock,$46.49,0.11,0.237%,53043139233.00,United States,2010,21122108,Consumer Discretionary,Auto Manufacturing
GME,GameStop Corporation Common Stock,$24.01,-1.49,-5.843%,8432732583.00,United States,2002,9495366,Consumer Discretionary,Electronics Distribution
GO,Grocery Outlet Holding Corp. Common Stock,$18.85,-0.65,-3.333%,1882392875.00,United States,2019,2898038,Consumer Staples,Food Chains
GOLD,Barrick Gold Corporation Common Stock (BC),$18.46,-0.11,-0.592%,32407813967.00,Canada,,22036504,Basic Materials,Precious Metals
GOOG,Alphabet Inc. Class C Capital Stock,$174.37,-9.23,-5.027%,2154864460000.00,United States,2004,31213328,Technology,Computer Software: Programming Data Processing
GOOGL,Alphabet Inc. Class A Common Stock,$172.63,-9.16,-5.039%,2133361540000.00,United States,2004,49515292,Technology,Computer Software: Programming Data Processing
GRI,GRI Bio Inc. Common Stock,$1.34,-0.22,-14.103%,680842.00,United States,2021,8014549,Health Care,Biotechnology: Pharmaceutical Preparations
GS,Goldman Sachs Group Inc. (The) Common Stock,$486.70,-5.45,-1.107%,156942983990.00,United States,1999,1597422,Finance,Investment Bankers/Brokers/Service
GSK,GSK plc American Depositary Shares (Each representing two Ordinary Shares),$39.30,0.46,1.184%,80899707057.00,United Kingdom,2022,2060124,Health Care,Biotechnology: Pharmaceutical Preparations
GT,The Goodyear Tire & Rubber Company Common Stock,$11.99,-0.18,-1.479%,3413397214.00,United States,,3011723,Consumer Discretionary,Automotive Aftermarket
GWAV,Greenwave Technology Solutions Inc. Common Stock,$1.50,-0.01,-0.662%,10083992.00,United States,,318699,Industrials,Metal Fabrications
H,Hyatt Hotels Corporation Class A Common Stock,$150.31,-4.76,-3.07%,15208782008.00,United States,2009,417707,Consumer Discretionary,Hotels/Resorts
HA,Hawaiian Holdings Inc. Common Stock,$11.52,-1.51,-11.589%,597299397.00,United States,,5911452,Consumer Discretionary,Air Freight/Delivery Services
HAL,Halliburton Company Common Stock,$32.99,-0.50,-1.493%,29206088303.00,United States,,10136167,Energy,Oilfield Services/Equipment
HD,Home Depot Inc. (The) Common Stock,$350.31,-9.31,-2.589%,347372365498.00,United States,,3507394,Consumer Discretionary,RETAIL: Building Materials
HE,Hawaiian Electric Industries Inc. Common Stock,$16.75,0.27,1.638%,1847569672.00,United States,,6059291,Utilities,Electric Utilities: Central
HI,Hillenbrand Inc Common Stock,$42.51,-2.63,-5.826%,2984008069.00,United States,,340860,Consumer Discretionary,Miscellaneous manufacturing industries
HIMS,Hims & Hers Health Inc. Class A Common Stock,$22.51,-0.26,-1.142%,4834834796.00,United States,2019,5947891,Health Care,Medical/Nursing Services
HKD,AMTD Digital Inc. American Depositary Shares (every five of which represent two Class A Ordinary Shares),$3.30,-0.16,-4.624%,634905209.00,,2022,189663,Finance,Finance: Consumer Services
HL,Hecla Mining Company Common Stock,$5.88,-0.06,-1.01%,3682586400.00,United States,,7471966,Industrials,Mining & Quarrying of Nonmetallic Minerals (No Fuels)
HMY,Harmony Gold Mining Company Limited,$8.94,-0.15,-1.65%,5525563430.00,South Africa,,5574014,Basic Materials,Precious Metals
HOLO,MicroCloud Hologram Inc. Ordinary Shares,$0.454,-0.1308,-22.367%,2697307.00,United States,2021,35597375,Technology,Computer Software: Programming Data Processing
HOOD,Robinhood Markets Inc. Class A Common Stock,$21.41,-1.46,-6.384%,18815877861.00,United States,2021,13101529,Finance,Investment Bankers/Brokers/Service
HP,Helmerich & Payne Inc. Common Stock,$37.75,0.01,0.026%,3726858822.00,United States,,1234079,Energy,Oil & Gas Production
HPQ,HP Inc. Common Stock,$37.82,0.11,0.292%,37009123543.00,United States,,6310212,Technology,Computer Manufacturing
HR,Healthcare Realty Trust Incorporated Common Stock,$17.62,-0.19,-1.067%,6669946831.00,United States,,2232983,Real Estate,Real Estate Investment Trusts
IBM,International Business Machines Corporation Common Stock,$184.02,-0.08,-0.043%,169041262597.00,United States,,6937125,Technology,Computer Manufacturing
IE,Ivanhoe Electric Inc. Common Stock,$9.86,-0.37,-3.617%,1186221242.00,Canada,2022,334543,Basic Materials,Metal Mining
INFY,Infosys Limited American Depositary Shares,$21.86,-0.22,-0.996%,90760431149.00,India,,7859042,Technology,EDP Services
ING,ING Group N.V. Common Stock,$18.36,-0.19,-1.024%,64226850451.00,Netherlands,1997,1473692,Finance,Commercial Banks
INTC,Intel Corporation Common Stock,$31.70,-1.25,-3.794%,134946900000.00,United States,,62146681,Technology,Semiconductors
IONQ,IonQ Inc. Common Stock,$7.62,-0.68,-8.193%,1611286544.00,United States,2021,4793940,Technology,EDP Services
IOT,Samsara Inc. Class A Common Stock,$35.41,-2.45,-6.471%,19504046055.00,United States,2021,2790316,Technology,EDP Services
J,Jacobs Solutions Inc. Common Stock,$142.93,-8.35,-5.52%,17896669935.00,United States,2022,1414141,Industrials,Military/Government/Technical
JD,JD.com Inc. American Depositary Shares,$25.76,-0.43,-1.642%,40497761844.00,China,2014,5868208,Consumer Discretionary,Other Specialty Stores
JNJ,Johnson & Johnson Common Stock,$156.28,3.93,2.58%,376115822719.00,United States,,7167120,Health Care,Biotechnology: Pharmaceutical Preparations
JOB,GEE Group Inc. Common Stock,$0.3055,0.0004,0.131%,33229717.00,United States,1968,164069,Consumer Discretionary,Diversified Commercial Services
JOBY,Joby Aviation Inc. Common Stock,$6.18,-0.50,-7.485%,4378163594.00,United States,2020,9782284,Industrials,Aerospace
JPM,JP Morgan Chase & Co. Common Stock,$208.59,-1.74,-0.827%,599001202881.00,United States,,7118346,Finance,Major Banks
K,Kellanova Common Stock,$57.23,0.62,1.095%,19566001003.00,United States,,1883182,Consumer Staples,Packaged Foods
KD,Kyndryl Holdings Inc. Common Stock,$26.90,-0.67,-2.43%,6200811455.00,United States,2021,1593813,Technology,EDP Services
KE,Kimball Electronics Inc. Common Stock,$23.41,-0.33,-1.39%,582188112.00,United States,,115300,Technology,Electrical Products
KGC,Kinross Gold Corporation Common Stock,$8.85,-0.18,-1.993%,10876650000.00,Canada,2001,15278926,Basic Materials,Precious Metals
KN,Knowles Corporation Common Stock,$18.38,-0.26,-1.395%,1649501061.00,United States,2014,326862,Consumer Staples,Consumer Electronics/Appliances
KO,Coca-Cola Company (The) Common Stock,$65.81,0.85,1.308%,283506538754.00,United States,,13242481,Consumer Staples,Beverages (Production/Distribution)
L,Loews Corporation Common Stock,$77.92,-0.43,-0.549%,17251975701.00,United States,,570306,Finance,Property-Casualty Insurers
LB,LandBridge Company LLC Class A Shares Representing Limited Liability Company Interests,$29.49,1.27,4.50%,2123280000.00,,2024,235153,Energy,Oil & Gas Production
LC,LendingClub Corporation Common Stock,$10.44,-0.35,-3.244%,1160097133.00,United States,2014,657352,Finance,Finance: Consumer Services
LCID,Lucid Group Inc. Common Stock,$3.28,-0.195,-5.612%,7567452279.00,United States,,35875733,Consumer Discretionary,Auto Manufacturing
LE,Lands' End Inc. Common Stock,$16.89,-1.03,-5.748%,530453218.00,United States,,129881,Consumer Discretionary,Clothing/Shoe/Accessory Stores
LH,Labcorp Holdings Inc. Common Stock,$209.49,2.40,1.159%,17658672130.00,United States,,508995,Health Care,Medical Specialities
LI,Li Auto Inc. American Depositary Shares,$18.84,-0.91,-4.608%,19727555509.00,China,2020,7709896,Consumer Discretionary,Auto Manufacturing
LICY,Li-Cycle Holdings Corp. Common Shares,$3.49,-0.28,-7.427%,78510181.00,Canada,2021,257349,Industrials,Environmental Services
LL,LL Flooring Holdings Inc. Common Stock,$0.8802,0.1093,14.178%,26984604.00,United States,2007,1035662,Consumer Discretionary,RETAIL: Building Materials
LLY,Eli Lilly and Company Common Stock,$859.88,-18.41,-2.096%,817234583314.00,United States,,2716203,Health Care,Biotechnology: Pharmaceutical Preparations
LOW,Lowe's Companies Inc. Common Stock,$231.67,-6.64,-2.786%,132013738159.00,United States,,2756797,Consumer Discretionary,RETAIL: Building Materials
LU,Lufax Holding Ltd American Depositary Shares each representing two (2) Ordinary Shares,$2.75,-0.02,-0.722%,1576534517.00,China,,1254311,Finance,Finance: Consumer Services
LULU,lululemon athletica inc. Common Stock,$272.06,-9.31,-3.309%,32616294256.00,Canada,2007,2643985,Consumer Discretionary,Apparel
LX,LexinFintech Holdings Ltd. American Depositary Shares,$1.73,-0.03,-1.705%,284434307.00,China,2017,268386,Finance,Finance: Consumer Services
M,Macy's Inc Common Stock,$16.48,-0.33,-1.963%,4555261289.00,United States,,5426470,Consumer Discretionary,Department/Specialty Retail Stores
MA,Mastercard Incorporated Common Stock,$432.45,-9.27,-2.099%,402012179730.00,United States,2006,3764394,Consumer Discretionary,Business Services
MAR,Marriott International Class A Common Stock,$235.04,-7.27,-3.00%,67132678789.00,United States,,1762538,Consumer Discretionary,Hotels/Resorts
MARA,Marathon Digital Holdings Inc. Common Stock,$20.67,-0.98,-4.527%,5642003931.00,United States,,36867410,Technology,EDP Services
MAT,Mattel Inc. Common Stock,$18.93,1.69,9.803%,6513813000.00,United States,,10193259,Consumer Discretionary,Recreational Games/Products/Toys
MC,Moelis & Company Class A Common Stock,$62.79,-2.00,-3.087%,4695872025.00,United States,2014,991906,Finance,Investment Managers
MCD,McDonald's Corporation Common Stock,$253.37,-0.68,-0.268%,182599111181.00,United States,,5980352,Consumer Discretionary,Restaurants
MCI,Barings Corporate Investors Common Stock,$18.77,0.00,0.00%,380312466.00,United States,,40324,Finance,Trusts Except Educational Religious and Charitable
MD,Pediatrix Medical Group Inc. Common Stock,$7.68,0.00,0.00%,646250680.00,United States,,566839,Health Care,Hospital/Nursing Management
ME,23andMe Holding Co. Class A Common Stock,$0.45,-0.0124,-2.682%,220615726.00,United States,,1004375,Health Care,Biotechnology: Pharmaceutical Preparations
MET,MetLife Inc. Common Stock,$74.52,-0.67,-0.891%,52992916588.00,United States,2000,2683769,Finance,Life Insurance
META,Meta Platforms Inc. Class A Common Stock,$461.27,-27.42,-5.611%,1170027126283.00,United States,2012,17617091,Technology,Computer Software: Programming Data Processing
ML,MoneyLion Inc. Class A Common Stock,$70.30,-0.93,-1.306%,758394924.00,United States,2020,281290,Finance,Finance: Consumer Services
MMM,3M Company Common Stock,$103.25,-1.48,-1.413%,57134549785.00,United States,,3251824,Health Care,Medical/Dental Instruments
MO,Altria Group Inc.,$49.42,0.30,0.611%,84885097874.00,United States,,8775077,Health Care, Medicinal Chemicals and Botanical Products 
MP,MP Materials Corp. Common Stock,$13.73,-0.37,-2.624%,2269799897.00,United States,2020,1986246,Basic Materials,Metal Mining
MPW,Medical Properties Trust Inc. common stock,$5.12,0.15,3.018%,3072512000.00,United States,2005,21961002,Real Estate,Real Estate Investment Trusts
MRK,Merck & Company Inc. Common Stock (new),$125.92,1.54,1.238%,318930970177.00,United States,,6337840,Health Care,Biotechnology: Pharmaceutical Preparations
MS,Morgan Stanley Common Stock,$101.97,-1.53,-1.478%,165089430000.00,United States,,7967351,Finance,Investment Bankers/Brokers/Service
MSFT,Microsoft Corporation Common Stock,$428.90,-15.95,-3.585%,3187715955047.00,United States,1986,26758467,Technology,Computer Software: Prepackaged Software
MSTR,MicroStrategy Incorporated Common Stock Class A,$1672.69,-49.08,-2.851%,29669223459.00,United States,1998,1373377,Technology,Computer Software: Prepackaged Software
MT,Arcelor Mittal NY Registry Shares NEW,$22.24,-0.30,-1.331%,18220603853.00,Luxembourg,,1808247,Industrials,Steel/Iron Ore
MU,Micron Technology Inc. Common Stock,$110.28,-3.97,-3.475%,122283021431.00,United States,,25163573,Technology,Semiconductors
NA,Nano Labs Ltd Class A Ordinary Shares,$0.397,0.0199,5.277%,26135080.00,China,2022,47379,Technology,Semiconductors
NB,NioCorp Developments Ltd. Common Stock,$1.75,-0.09,-4.891%,61102144.00,United States,,46482,Basic Materials,Metal Mining
NBY,NovaBay Pharmaceuticals Inc. Common Stock,$2.16,0.03,1.408%,2487704.00,United States,2007,139624,Health Care,Biotechnology: Pharmaceutical Preparations
NC,NACCO Industries Inc. Common Stock,$32.27,-1.80,-5.283%,240425215.00,United States,,18663,Energy,Coal Mining
NCL,Northann Corp. Common Stock,$0.2603,-0.0097,-3.593%,6049372.00,,2023,95533,Industrials,Plastic Products
NCLH,Norwegian Cruise Line Holdings Ltd. Ordinary Shares,$19.22,-1.10,-5.413%,8246160793.00,United States,,12853737,Consumer Discretionary,Marine Transportation
NE,Noble Corporation plc A Ordinary Shares,$45.89,-1.75,-3.673%,6554046787.00,United States,2022,1013450,Energy,Oil & Gas Production
NEE,NextEra Energy Inc. Common Stock,$75.41,3.30,4.576%,154932299746.00,United States,,17810713,Technology,EDP Services
NEM,Newmont Corporation,$47.70,0.63,1.338%,55004787302.00,United States,,11654160,Basic Materials,Precious Metals
NET,Cloudflare Inc. Class A Common Stock,$76.00,-4.97,-6.138%,25824282820.00,United States,2019,3019296,Technology,Computer Software: Prepackaged Software
NFLX,Netflix Inc. Common Stock,$635.99,-6.77,-1.053%,272944403494.00,United States,2002,4884382,Consumer Discretionary,Consumer Electronics/Video Chains
NG,Novagold Resources Inc.,$4.65,0.06,1.307%,1555102815.00,Canada,2003,2877435,Basic Materials,Precious Metals
NI,NiSource Inc Common Stock,$31.01,0.45,1.473%,13901948531.00,United States,,3495955,Utilities,Power Generation
NIO,NIO Inc. American depositary shares each  representing one Class A ordinary share,$4.30,-0.18,-4.018%,8974826812.00,United States,2018,43064843,Consumer Discretionary,Auto Manufacturing
NKE,Nike Inc. Common Stock,$71.09,-2.31,-3.147%,107300317590.00,United States,,18543263,Consumer Discretionary,Shoe Manufacturing
NL,NL Industries Inc. Common Stock,$6.06,-0.37,-5.754%,295930913.00,United States,,22189,Industrials,Major Chemicals
NLY,Annaly Capital Management Inc. Common Stock,$19.90,-0.42,-2.067%,9958756458.00,United States,,4464930,Real Estate,Real Estate Investment Trusts
NOK,Nokia Corporation Sponsored American Depositary Shares,$3.67,-0.04,-1.078%,20601532728.00,Finland,1994,9927840,Technology,Radio And Television Broadcasting And Communications Equipment
NOV,NOV Inc. Common Stock,$18.25,-0.39,-2.092%,7218530741.00,United States,,1919199,Industrials,Metal Fabrications
NOVA,Sunnova Energy International Inc. Common Stock,$7.61,0.22,2.977%,943500478.00,United States,2019,7511063,Utilities,Power Generation
NOW,ServiceNow Inc. Common Stock,$730.87,-34.65,-4.526%,149828350000.00,United States,2012,2079250,Technology,Computer Software: Prepackaged Software
NU,Nu Holdings Ltd. Class A Ordinary Shares,$12.54,-0.33,-2.564%,59764851911.00,Cayman Islands,2021,15903039,Finance,Finance: Consumer Services
NVA,Nova Minerals Limited American Depositary Shares,$4.80,-2.11,-30.535%,0.00,Australia,,103093,,
NVAX,Novavax Inc. Common Stock,$15.40,-0.99,-6.04%,2162214732.00,United States,,7982925,Health Care,Biotechnology: Biological Products (No Diagnostic Substances)
NVDA,NVIDIA Corporation Common Stock,$114.25,-8.34,-6.803%,2810360570073.00,United States,1999,326204116,Technology,Semiconductors
NVO,Novo Nordisk A/S Common Stock,$131.60,-1.68,-1.261%,587229374959.00,Denmark,,2650420,Health Care,Biotechnology: Pharmaceutical Preparations
NYC,American Strategic Investment Co. Class A Common Stock,$8.56,-0.23,-2.617%,22073689.00,,2020,1193,Real Estate,Real Estate Investment Trusts
NYCB,New York Community Bancorp Inc. Common Stock,$10.94,-0.58,-5.035%,3843283789.00,United States,,7913949,Finance,Banks
O,Realty Income Corporation Common Stock,$57.26,-0.23,-0.40%,49860544205.00,United States,,4857269,Real Estate,Real Estate Investment Trusts
OB,Outbrain Inc. Common Stock,$4.75,-0.13,-2.664%,232003124.00,United States,2021,66064,Technology,Computer Software: Programming Data Processing
OC,Owens Corning Inc Common Stock New,$174.65,-5.23,-2.907%,15134565759.00,United States,,577489,Industrials,Industrial Machinery/Components
OI,O-I Glass Inc. Common Stock,$11.25,-0.16,-1.402%,1751869238.00,United States,,1419652,Consumer Discretionary,Containers/Packaging
OKLO,Oklo Inc. Class A common stock,$8.67,-0.57,-6.169%,373681517.00,United States,2021,2087939,Utilities,Electric Utilities: Central
OLO,Olo Inc. Class A Common Stock,$4.71,-0.13,-2.686%,756036808.00,United States,2021,784884,Technology,Computer Software: Prepackaged Software
OM,Outset Medical Inc. Common Stock,$3.84,-0.23,-5.651%,198613920.00,United States,2020,298373,Health Care,Biotechnology: Electromedical & Electrotherapeutic Apparatus
ON,ON Semiconductor Corporation Common Stock,$70.11,-3.28,-4.469%,30163557738.00,United States,,8134244,Technology,Semiconductors
ONON,On Holding AG Class A Ordinary Shares,$38.50,-2.02,-4.985%,24241631915.00,,2021,3734005,Consumer Discretionary,Shoe Manufacturing
OP,OceanPal Inc. Common Stock,$1.91,-0.005,-0.261%,14226828.00,Greece,,14272,Consumer Discretionary,Marine Transportation
OPT,Opthea Limited American Depositary Shares,$2.26,0.14,6.604%,187242946.00,Australia,2020,3201,Health Care,Biotechnology: Biological Products (No Diagnostic Substances)
OPTT,Ocean Power Technologies Inc. Common Stock,$0.3491,0.0238,7.316%,20758733.00,United States,2007,6713787,Utilities,Electric Utilities: Central
OR,Osisko Gold Royalties Ltd Common Shares,$17.43,-0.53,-2.951%,3241386665.00,Canada,2016,803406,Basic Materials,Precious Metals
ORC,Orchid Island Capital Inc. Common Stock,$8.30,-0.29,-3.376%,439684109.00,United States,2013,2832661,Real Estate,Real Estate Investment Trusts
ORCL,Oracle Corporation Common Stock,$138.77,-4.34,-3.033%,382430692200.00,United States,1986,8018015,Technology,Computer Software: Prepackaged Software
OXY,Occidental Petroleum Corporation Common Stock,$60.07,-0.34,-0.563%,53260269573.00,United States,,5561882,Energy,Oil & Gas Production
PAA,Plains All American Pipeline L.P. Common Units representing Limited Partner Interests,$18.36,-0.62,-3.267%,12871664129.00,United States,1998,3075465,Energy,Natural Gas Distribution
PAAS,Pan American Silver Corp. Common Stock,$22.71,-0.21,-0.916%,8276432400.00,Canada,,2462394,Basic Materials,Precious Metals
PATH,UiPath Inc. Class A Common Stock,$11.93,-0.38,-3.087%,6833236565.00,United States,2021,9725385,Technology,Computer Software: Prepackaged Software
PB,Prosperity Bancshares Inc. Common Stock,$71.24,1.69,2.43%,6834618418.00,United States,,1367845,Finance,Major Banks
PBR,Petroleo Brasileiro S.A.- Petrobras Common Stock,$14.47,-0.10,-0.686%,93621893091.00,Brazil,,9710585,Energy,Oil & Gas Production
PD,PagerDuty Inc. Common Stock,$20.24,-0.60,-2.879%,1934944324.00,United States,2019,880893,Technology,Computer Software: Prepackaged Software
PDD,PDD Holdings Inc. American Depositary Shares,$131.87,-1.21,-0.909%,181436344422.00,China,2018,3586909,Consumer Discretionary,Business Services
PEG,Public Service Enterprise Group Incorporated Common Stock,$75.95,0.36,0.476%,37829211469.00,United States,,2485029,Utilities,Power Generation
PEGY,Pineapple Energy Inc. Common Stock,$1.41,-0.13,-8.442%,10203397.00,United States,,591448,Utilities,Telecommunications Equipment
PET,Wag! Group Co. Common Stock,$1.32,0.01,0.763%,53618614.00,United States,2021,147310,Consumer Discretionary,Other Consumer Services
PEV,Phoenix Motor Inc. Common Stock,$0.405,-0.0025,-0.613%,14047489.00,United States,2022,38187,Consumer Discretionary,Construction/Ag Equipment/Trucks
PFE,Pfizer Inc. Common Stock,$29.98,0.48,1.627%,169884455082.00,United States,,29556341,Health Care,Biotechnology: Pharmaceutical Preparations
PG,Procter & Gamble Company (The) Common Stock,$168.00,1.38,0.828%,396502727376.00,United States,,5896784,Consumer Discretionary,Package Goods/Cosmetics
PI,Impinj Inc. Common Stock,$152.55,-8.97,-5.553%,4227610980.00,United States,2016,918309,Technology,Industrial Machinery/Components
PINS,Pinterest Inc. Class A Common Stock,$38.81,-2.01,-4.924%,26513823547.00,United States,2019,10190221,Technology,Computer Software: Programming Data Processing
PL,Planet Labs PBC Class A Common Stock,$2.29,-0.06,-2.553%,665867362.00,United States,2021,1401227,Technology,Radio And Television Broadcasting And Communications Equipment
PLTR,Palantir Technologies Inc. Class A Common Stock,$26.60,-2.21,-7.671%,59235445277.00,United States,2020,48816938,Technology,Computer Software: Prepackaged Software
PLUG,Plug Power Inc. Common Stock,$2.43,-0.06,-2.41%,1804418567.00,United States,1999,39027154,Energy,Industrial Machinery/Components
PM,Philip Morris International Inc Common Stock,$111.44,1.88,1.716%,173239828291.00,United States,,7365539,Health Care, Medicinal Chemicals and Botanical Products 
PSTG,Pure Storage Inc. Class A Common Stock,$58.32,-2.92,-4.768%,18967673591.00,United States,2015,2722627,Technology,Electronic Components
PT,Pintec Technology Holdings Limited American Depositary Shares,$1.06,0.00,0.00%,16904839.00,China,2018,99414,Technology,Computer Software: Programming Data Processing
PW,Power REIT (MD) Common Stock,$1.22,-0.10,-7.576%,4135386.00,United States,1998,117795,Real Estate,Real Estate Investment Trusts
PYPL,PayPal Holdings Inc. Common Stock,$58.07,-1.64,-2.747%,60743893601.00,United States,,11787834,Consumer Discretionary,Business Services
QBTS,D-Wave Quantum Inc. Common Shares,$0.9802,-0.0998,-9.241%,167878824.00,,2022,6472521,Technology,EDP Services
QCOM,QUALCOMM Incorporated Common Stock,$181.07,-12.28,-6.351%,202074120000.00,United States,1991,13274515,Technology,Radio And Television Broadcasting And Communications Equipment
QS,QuantumScape Corporation Class A Common Stock,$7.46,-0.59,-7.329%,3726510607.00,United States,2020,13526676,Miscellaneous,Industrial Machinery/Components
R,Ryder System Inc. Common Stock,$129.88,-3.03,-2.28%,5692483635.00,United States,,288148,Consumer Discretionary,Rental/Leasing Companies
RA,Brookfield Real Assets Income Fund Inc. Common Stock,$12.78,-0.04,-0.312%,0.00,United States,2016,400279,Finance,Investment Managers
RBLX,Roblox Corporation Class A Common Stock,$39.96,-1.12,-2.726%,25574400000.00,United States,2021,3144940,Technology,Computer Software: Prepackaged Software
RC,Ready Capital Corproation Common Stock,$9.00,-0.30,-3.226%,1519861563.00,United States,2013,1623967,Real Estate,Real Estate Investment Trusts
RCL,Royal Caribbean Cruises Ltd. Common Stock,$164.51,-6.22,-3.643%,42336516234.00,United States,1993,2374688,Consumer Discretionary,Marine Transportation
RDDT,Reddit Inc. Class A Common Stock,$62.95,-4.89,-7.208%,10292907665.00,,2024,2859901,Technology,EDP Services
RIO,Rio Tinto Plc Common Stock,$63.49,-0.04,-0.063%,103305106729.00,Australia,2002,3065581,Basic Materials,Metal Mining
RIOT,Riot Platforms Inc. Common Stock ,$11.32,-0.27,-2.33%,3269045589.00,United States,,26892278,Finance,Finance: Consumer Services
RIV,RiverNorth Opportunities Fund Inc. Common Stock,$12.32,-0.07,-0.565%,0.00,United States,2015,46419,Finance,Finance Companies
RIVN,Rivian Automotive Inc. Class A Common Stock,$16.27,-1.23,-7.029%,16193860175.00,United States,2021,38257470,Consumer Discretionary,Auto Manufacturing
RM,Regional Management Corp. Common Stock,$30.01,-0.97,-3.131%,296984962.00,United States,2012,31437,Finance,Finance: Consumer Services
RR,Richtech Robotics Inc. Class B Common Stock,$1.14,-0.03,-2.564%,0.00,United States,2023,2797133,Industrials,Industrial Machinery/Components
RTX,RTX Corporation Common Stock,$104.83,-0.14,-0.133%,139372115343.00,United States,,7177619,Industrials,Aerospace
S,SentinelOne Inc. Class A Common Stock,$23.41,-1.02,-4.175%,7324331460.00,United States,2021,10743582,Technology,Computer Software: Prepackaged Software
SB,Safe Bulkers Inc Common Stock ($0.001 par value),$5.59,-0.15,-2.613%,623887759.00,Monaco,2008,557986,Consumer Discretionary,Marine Transportation
SBS,Companhia de saneamento Basico Do Estado De Sao Paulo - Sabesp American Depositary Shares (Each repstg 250 Common Shares),$15.64,-0.07,-0.446%,10690094351.00,Brazil,2002,1417101,Utilities,Water Supply
SBSW,D/B/A Sibanye-Stillwater Limited ADS,$4.45,0.00,0.00%,3148786905.00,South Africa,,4351898,Basic Materials,Precious Metals
SBUX,Starbucks Corporation Common Stock,$74.68,-1.58,-2.072%,84590036000.00,United States,1992,10468204,Consumer Discretionary,Restaurants
SCCO,Southern Copper Corporation Common Stock,$104.18,-1.51,-1.429%,80543232068.00,United States,,914874,Basic Materials,Metal Mining
SE,Sea Limited American Depositary Shares each representing one Class A Ordinary Share,$65.21,-1.77,-2.643%,37452711856.00,United States,2017,2145108,Consumer Discretionary,Other Consumer Services
SF,Stifel Financial Corporation Common Stock,$84.58,2.22,2.695%,8665712833.00,United States,,1767101,Finance,Investment Bankers/Brokers/Service
SHEL,Shell PLC American Depositary Shares (each representing two (2) Ordinary Shares) ,$71.18,-0.13,-0.182%,225075270147.00,Netherlands,2022,2800180,Energy,Oil & Gas Production
SHO,Sunstone Hotel Investors Inc. Sunstone Hotel Investors Inc. Common Shares,$10.27,-0.26,-2.469%,2091736067.00,United States,2004,1272992,Consumer Discretionary,Hotels/Resorts
SHOP,Shopify Inc. Class A Subordinate Voting Shares,$59.27,-3.39,-5.41%,76380311349.00,Canada,2015,8242993,Technology,Computer Software: Prepackaged Software
SING,SinglePoint Inc. Common Stock,$0.1323,-0.0058,-4.20%,,,2023,9006517,Consumer Discretionary,Other Consumer Services
SLB,Schlumberger N.V. Common Stock,$48.03,-1.02,-2.08%,68651090884.00,France,,8552326,Energy,Oilfield Services/Equipment
SM,SM Energy Company Common Stock,$44.50,-0.48,-1.067%,5119108408.00,United States,,1841948,Energy,Oil & Gas Production
SMCI,Super Micro Computer Inc. Common Stock,$711.56,-71.66,-9.149%,41666482352.00,United States,2020,6740742,Technology,Computer Manufacturing
SMR,NuScale Power Corporation Class A Common Stock,$10.80,-0.71,-6.169%,2624531803.00,United States,2022,4230240,Industrials,Metal Fabrications
SN,SharkNinja Inc. Ordinary Shares,$71.22,-0.59,-0.822%,9905517540.00,United States,2023,692515,Consumer Discretionary,Consumer Electronics/Appliances
SNA,Snap-On Incorporated Common Stock,$270.07,-4.71,-1.714%,14228005176.00,United States,,273945,Consumer Discretionary,Industrial Machinery/Components
SNAP,Snap Inc. Class A Common Stock,$13.58,-0.75,-5.234%,22285309484.00,United States,2017,19935106,Technology,Computer Software: Programming Data Processing
SNOW,Snowflake Inc. Class A Common Stock,$125.62,-6.98,-5.264%,42057576000.00,United States,2020,5990195,Technology,Computer Software: Prepackaged Software
SO,Southern Company (The) Common Stock,$82.67,1.32,1.623%,90393536596.00,United States,,4190564,Utilities,Electric Utilities: Central
SOUN,SoundHound AI Inc Class A Common Stock,$4.55,-0.39,-7.895%,1497723627.00,United States,,14970874,Technology,Computer Software: Prepackaged Software
SPCE,Virgin Galactic Holdings Inc. Common Stock,$6.46,-0.40,-5.831%,132869900.00,United States,2017,1473348,Consumer Discretionary,Transportation Services
SPOT,Spotify Technology S.A. Ordinary Shares,$336.52,5.73,1.732%,66342693266.00,Luxembourg,2018,5688685,Consumer Discretionary,Broadcasting
SQ,Block Inc. Class A Common Stock,$61.71,-5.18,-7.744%,38077600110.00,United States,2015,9659217,Technology,Computer Software: Prepackaged Software
ST,Sensata Technologies Holding plc Ordinary Shares,$37.25,-1.73,-4.438%,5615024286.00,Netherlands,2010,1925412,Industrials,Industrial Machinery/Components
STE,STERIS plc (Ireland) Ordinary Shares,$231.72,0.02,0.009%,22917110317.00,United States,,334554,Health Care,Industrial Specialties
STEM,Stem Inc. Class A Common Stock,$1.25,-0.09,-6.716%,202063930.00,United States,2020,2280882,Miscellaneous,Industrial Machinery/Components
STG,Sunlands Technology Group American Depositary Shares representing Class A ordinary shares,$7.84,-0.37,-4.507%,107580072.00,,2018,7898,Real Estate,Other Consumer Services
STLA,Stellantis N.V. Common Shares,$19.60,-0.50,-2.488%,59252741164.00,United Kingdom,2014,9054284,Consumer Discretionary,Auto Manufacturing
STR,Sitio Royalties Corp. Class A Common Stock,$23.84,-0.71,-2.892%,3683821359.00,United States,2022,525822,Energy,Oil & Gas Production
SW,Smurfit WestRock plc Ordinary Shares,$48.86,-0.25,-0.509%,25374155054.00,,2024,5061372,Consumer Discretionary,Containers/Packaging
T,AT&T Inc.,$19.16,0.95,5.217%,137380363393.00,United States,,64428270,Telecommunications,Telecommunications Equipment
TC,TuanChe Limited American Depositary Shares,$1.75,0.04,2.339%,2994724.00,China,2018,29620,Consumer Discretionary,Business Services
TD,Toronto Dominion Bank (The) Common Stock,$57.47,-0.58,-0.999%,101842587000.00,Canada,,2624576,Finance,Commercial Banks
TDOC,Teladoc Health Inc. Common Stock,$9.23,-0.07,-0.753%,1565298818.00,United States,2015,5800946,Health Care,Medical/Nursing Services
TECK,Teck Resources Ltd Ordinary Shares,$45.17,-0.63,-1.376%,23389026000.00,Canada,,4262798,Industrials,Mining & Quarrying of Nonmetallic Minerals (No Fuels)
TEL,TE Connectivity Ltd. New Switzerland Registered Shares,$156.85,5.45,3.60%,48031939284.00,Switzerland,,4501562,Technology,Electronic Components
TELL,Tellurian Inc. Common Stock,$0.95,0.008,0.849%,794415393.00,United States,,107961041,Energy,Oil & Gas Production
TEM,Tempus AI Inc. Class A Common Stock,$38.05,-2.65,-6.511%,6282217169.00,United States,2024,623722,Technology,Computer Software: Programming Data Processing
TG,Tredegar Corporation Common Stock,$5.82,-0.11,-1.855%,200702077.00,United States,,88975,Industrials,Metal Fabrications
TGT,Target Corporation Common Stock,$146.45,-3.82,-2.542%,67753126116.00,United States,,3028538,Consumer Discretionary,Department/Specialty Retail Stores
TH,Target Hospitality Corp. Common Stock,$9.26,-0.18,-1.907%,928567539.00,United States,2018,238313,Consumer Discretionary,Hotels/Resorts
TJX,TJX Companies Inc. (The) Common Stock,$111.25,-2.17,-1.913%,125729093605.00,United States,,4755439,Consumer Discretionary,Clothing/Shoe/Accessory Stores
TPET,Trio Petroleum Corp. Common Stock,$0.2443,-0.01,-3.932%,12295211.00,,2023,1069588,Energy,Oil & Gas Production
TR,Tootsie Roll Industries Inc. Common Stock,$29.58,-0.43,-1.433%,2115623836.00,United States,,2203217,Consumer Staples,Specialty Foods
TS,Tenaris S.A. American Depositary Shares,$31.03,-0.23,-0.736%,18119793801.00,Luxembourg,,1427498,Industrials,Steel/Iron Ore
TSLA,Tesla Inc. Common Stock,$215.99,-30.39,-12.335%,688834480110.00,United States,2010,167124497,Consumer Discretionary,Auto Manufacturing
TSM,Taiwan Semiconductor Manufacturing Company Ltd.,$159.80,-10.02,-5.90%,828788988840.00,Taiwan,1997,19497481,Technology,Semiconductors
TT,Trane Technologies plc,$332.84,-12.12,-3.513%,75339144798.00,Ireland,,1514052,Industrials,Auto Parts:O.E.M.
TU,Telus Corporation Ordinary Shares,$15.76,0.07,0.446%,23261760000.00,Canada,,1649877,Telecommunications,Telecommunications Equipment
TUP,Tupperware Brands Corporation Common Stock,$1.22,-0.07,-5.426%,56767348.00,United States,,629431,Industrials,Plastic Products
TX,Ternium S.A. Ternium S.A. American Depositary Shares (each representing ten shares USD1.00 par value),$35.43,-0.44,-1.227%,7102806008.00,Luxembourg,,130351,Industrials,Steel/Iron Ore
U,Unity Software Inc. Common Stock,$15.60,-1.32,-7.801%,6097442785.00,United States,2020,8890491,Technology,Computer Software: Prepackaged Software
UA,Under Armour Inc. Class C Common Stock,$6.35,-0.05,-0.781%,2771760020.00,United States,2016,1925040,Consumer Discretionary,Apparel
UAA,Under Armour Inc. Class A Common Stock,$6.52,-0.04,-0.61%,2845964619.00,United States,,11071564,Consumer Discretionary,Apparel
UBER,Uber Technologies Inc. Common Stock,$66.14,-1.38,-2.044%,138200879785.00,United States,2019,15180740,Consumer Discretionary,Business Services
UE,Urban Edge Properties Common Shares of Beneficial Interest,$19.56,-0.40,-2.004%,2324023219.00,United States,2015,832538,Finance,Real Estate
UEC,Uranium Energy Corp. Common Stock,$5.63,-0.21,-3.596%,2301422116.00,Canada,,5373243,Basic Materials,Other Metals and Minerals
UG,United-Guardian Inc. Common Stock,$10.45,-1.15,-9.914%,48010634.00,United States,,37111,Consumer Discretionary,Package Goods/Cosmetics
UK,Ucommune International Ltd Ordinary Shares,$1.945,-0.035,-1.768%,1219449.00,United States,2019,1185914,Consumer Discretionary,Business Services
UL,Unilever PLC Common Stock,$56.54,-0.73,-1.275%,141053271917.00,United Kingdom,,4375283,Consumer Discretionary,Package Goods/Cosmetics
UMC,United Microelectronics Corporation (NEW) Common Stock,$7.49,-0.27,-3.479%,18769673596.00,Taiwan,,15637106,Technology,Semiconductors
UNH,UnitedHealth Group Incorporated Common Stock (DE),$559.75,5.05,0.91%,515185545731.00,United States,,3155898,Health Care,Medical Specialities
UP,Wheels Up Experience Inc. Class A Common Stock,$3.09,-0.24,-7.207%,2154666761.00,Singapore,2020,772385,Consumer Discretionary,Transportation Services
UPS,United Parcel Service Inc. Common Stock,$128.53,0.85,0.666%,109964991458.00,United States,1999,11638602,Industrials,Trucking Freight/Courier Services
UPST,Upstart Holdings Inc. Common stock,$25.02,-2.61,-9.446%,2198708186.00,United States,2020,5760990,Finance,Finance: Consumer Services
V,Visa Inc.,$254.17,-10.62,-4.011%,464861306933.00,United States,,13065015,Consumer Discretionary,Business Services
VAL,Valaris Limited Common Shares,$76.86,-2.95,-3.696%,5565495471.00,United States,2021,871157,Energy,Oil & Gas Production
VALE,VALE S.A.  American Depositary Shares Each Representing one common share,$10.67,-0.10,-0.929%,48431210751.00,Brazil,,22527482,Basic Materials,Metal Mining
VFC,V.F. Corporation Common Stock,$15.97,-0.30,-1.844%,6210528041.00,United States,,6322631,Consumer Discretionary,Apparel
VHAI,Vocodia Holdings Corp. Common Stock,$0.0713,0.0093,15.00%,,,2024,63247169,,
VRT,Vertiv Holdings LLC Class A Common Stock,$78.59,-12.41,-13.637%,29419772528.00,United States,2018,22872199,Technology,Industrial Machinery/Components
VS,Versus Systems Inc. Common Shares,$1.59,0.00,0.00%,3984564.00,Canada,,43003,Technology,EDP Services
VST,Vistra Corp. Common Stock,$72.58,-7.49,-9.354%,25218646873.00,United States,,8859781,Utilities,Electric Utilities: Central
VXX,iPath Series B S&P 500 VIX Short-Term Futures ETN,$49.19,5.87,13.55%,1208844250.00,United Kingdom,2018,15185282,Finance,Commercial Banks
VZ,Verizon Communications Inc. Common Stock,$39.67,0.78,2.006%,166981141645.00,United States,,22880057,Telecommunications,Telecommunications Equipment
W,Wayfair Inc. Class A Common Stock,$48.04,-4.58,-8.704%,5857534735.00,United States,2014,4811561,Consumer Discretionary,Catalog/Specialty Distribution
WM,Waste Management Inc. Common Stock,$217.38,-1.35,-0.617%,87187443843.00,United States,,1357958,Utilities,Environmental Services
WMT,Walmart Inc. Common Stock,$70.60,-0.05,-0.071%,567874159098.00,United States,,22482373,Consumer Discretionary,Department/Specialty Retail Stores
WPM,Wheaton Precious Metals Corp Common Shares (Canada),$59.94,-0.40,-0.663%,27171765655.00,Canada,,1549908,Basic Materials,Precious Metals
X,United States Steel Corporation Common Stock,$39.59,0.11,0.279%,8901795941.00,United States,,2834809,Industrials,Steel/Iron Ore
XOM,Exxon Mobil Corporation Common Stock,$115.01,1.60,1.411%,453485219659.00,United States,,14921316,Energy,Integrated oil Companies
XP,XP Inc. Class A Common Stock,$17.50,-0.66,-3.634%,9616130545.00,Brazil,2019,3558979,Finance,Investment Bankers/Brokers/Service
XPEV,XPeng Inc. American depositary shares each representing two Class A ordinary shares,$8.05,-0.35,-4.167%,7588884247.00,China,2020,8286890,Consumer Discretionary,Auto Manufacturing
Z,Zillow Group Inc. Class C Capital Stock,$47.50,-3.75,-7.317%,11218841175.00,United States,,4464347,Consumer Discretionary,Business Services
ZI,ZoomInfo Technologies Inc Common Stock,$11.04,-0.61,-5.236%,4128060924.00,United States,2020,3736958,Technology,Computer Software: Prepackaged Software
ZIM,ZIM Integrated Shipping Services Ltd. Ordinary Shares,$17.73,-0.56,-3.062%,2132681897.00,,2021,2559994,Consumer Discretionary,Marine Transportation
ZK,ZEEKR Intelligent Technology Holding Limited American Depositary Shares (each representing ten (10) Ordinary Shares),$17.19,-1.44,-7.729%,4255979704.00,,2024,359525,Consumer Discretionary,Auto Manufacturing
ZOM,Zomedica Corp. Common Shares,$0.1495,-0.0005,-0.333%,146502475.00,United States,2017,2492712,Health Care,Pharmaceuticals and Biotechnology
